"특성별(1)","특성별(2)","경험및변화별(1)",경험및변화별(2),품목군별(1),2022,2023,2024
"전체","소계","구입 경험 (%)",구입 없음,한식밀키트,31.5,38.7,26.1
"전체","소계","구입 경험 (%)",구입 없음,동양식밀키트,32.0,42.2,32.6
"전체","소계","구입 경험 (%)",구입 없음,서양식밀키트,38.5,47.7,38.5
"전체","소계","구입 경험 (%)",구입 있음,한식밀키트,68.5,61.3,73.9
"전체","소계","구입 경험 (%)",구입 있음,동양식밀키트,68.0,57.8,67.4
"전체","소계","구입 경험 (%)",구입 있음,서양식밀키트,61.5,52.3,61.5
"전체","소계","구입 변화",매우 감소 (%),한식밀키트,6.4,12.2,10.3
"전체","소계","구입 변화",매우 감소 (%),동양식밀키트,7.8,13.4,9.8
"전체","소계","구입 변화",매우 감소 (%),서양식밀키트,8.8,15.0,12.4
"전체","소계","구입 변화",약간 감소 (%),한식밀키트,18.5,20.0,20.0
"전체","소계","구입 변화",약간 감소 (%),동양식밀키트,16.9,22.3,18.9
"전체","소계","구입 변화",약간 감소 (%),서양식밀키트,20.9,23.2,22.1
"전체","소계","구입 변화",비슷 (%),한식밀키트,54.7,49.9,52.4
"전체","소계","구입 변화",비슷 (%),동양식밀키트,58.7,48.8,54.6
"전체","소계","구입 변화",비슷 (%),서양식밀키트,54.9,47.6,53.3
"전체","소계","구입 변화",약간 증가 (%),한식밀키트,19.5,17.7,16.1
"전체","소계","구입 변화",약간 증가 (%),동양식밀키트,15.8,15.3,16.4
"전체","소계","구입 변화",약간 증가 (%),서양식밀키트,15.0,14.1,11.2
"전체","소계","구입 변화",매우 증가 (%),한식밀키트,0.8,0.3,1.1
"전체","소계","구입 변화",매우 증가 (%),동양식밀키트,0.8,0.2,0.3
"전체","소계","구입 변화",매우 증가 (%),서양식밀키트,0.4,0.2,1.0
"전체","소계","구입 변화",평균 (점),한식밀키트,2.90,2.74,2.78
"전체","소계","구입 변화",평균 (점),동양식밀키트,2.85,2.67,2.78
"전체","소계","구입 변화",평균 (점),서양식밀키트,2.77,2.61,2.66
"거주지역","수도권","구입 경험 (%)",구입 없음,한식밀키트,23.1,34.9,17.7
"거주지역","수도권","구입 경험 (%)",구입 없음,동양식밀키트,22.3,38.7,28.6
"거주지역","수도권","구입 경험 (%)",구입 없음,서양식밀키트,31.6,44.4,33.3
"거주지역","수도권","구입 경험 (%)",구입 있음,한식밀키트,76.9,65.1,82.3
"거주지역","수도권","구입 경험 (%)",구입 있음,동양식밀키트,77.7,61.3,71.4
"거주지역","수도권","구입 경험 (%)",구입 있음,서양식밀키트,68.4,55.6,66.7
"거주지역","수도권","구입 변화",매우 감소 (%),한식밀키트,6.2,9.7,8.3
"거주지역","수도권","구입 변화",매우 감소 (%),동양식밀키트,7.7,15.2,8.1
"거주지역","수도권","구입 변화",매우 감소 (%),서양식밀키트,8.8,15.6,9.7
"거주지역","수도권","구입 변화",약간 감소 (%),한식밀키트,18.4,20.8,21.2
"거주지역","수도권","구입 변화",약간 감소 (%),동양식밀키트,17.6,21.2,17.6
"거주지역","수도권","구입 변화",약간 감소 (%),서양식밀키트,21.5,23.8,23.2
"거주지역","수도권","구입 변화",비슷 (%),한식밀키트,52.9,47.5,50.8
"거주지역","수도권","구입 변화",비슷 (%),동양식밀키트,58.9,46.8,54.6
"거주지역","수도권","구입 변화",비슷 (%),서양식밀키트,54.2,44.7,52.2
"거주지역","수도권","구입 변화",약간 증가 (%),한식밀키트,21.4,21.4,18.1
"거주지역","수도권","구입 변화",약간 증가 (%),동양식밀키트,15.2,16.6,19.5
"거주지역","수도권","구입 변화",약간 증가 (%),서양식밀키트,15.3,15.6,13.4
"거주지역","수도권","구입 변화",매우 증가 (%),한식밀키트,1.1,0.5,1.7
"거주지역","수도권","구입 변화",매우 증가 (%),동양식밀키트,0.6,0.1,0.1
"거주지역","수도권","구입 변화",매우 증가 (%),서양식밀키트,0.2,0.4,1.5
"거주지역","수도권","구입 변화",평균 (점),한식밀키트,2.93,2.82,2.84
"거주지역","수도권","구입 변화",평균 (점),동양식밀키트,2.84,2.65,2.86
"거주지역","수도권","구입 변화",평균 (점),서양식밀키트,2.77,2.61,2.74
"거주지역","충청권","구입 경험 (%)",구입 없음,한식밀키트,32.5,47.9,36.7
"거주지역","충청권","구입 경험 (%)",구입 없음,동양식밀키트,38.3,50.6,45.0
"거주지역","충청권","구입 경험 (%)",구입 없음,서양식밀키트,41.8,54.4,48.5
"거주지역","충청권","구입 경험 (%)",구입 있음,한식밀키트,67.5,52.1,63.3
"거주지역","충청권","구입 경험 (%)",구입 있음,동양식밀키트,61.7,49.4,55.0
"거주지역","충청권","구입 경험 (%)",구입 있음,서양식밀키트,58.2,45.6,51.5
"거주지역","충청권","구입 변화",매우 감소 (%),한식밀키트,2.5,10.8,14.6
"거주지역","충청권","구입 변화",매우 감소 (%),동양식밀키트,4.1,10.4,12.6
"거주지역","충청권","구입 변화",매우 감소 (%),서양식밀키트,7.3,13.4,16.2
"거주지역","충청권","구입 변화",약간 감소 (%),한식밀키트,14.4,18.4,22.4
"거주지역","충청권","구입 변화",약간 감소 (%),동양식밀키트,13.5,16.9,27.9
"거주지역","충청권","구입 변화",약간 감소 (%),서양식밀키트,11.2,19.2,23.4
"거주지역","충청권","구입 변화",비슷 (%),한식밀키트,66.9,47.8,48.8
"거주지역","충청권","구입 변화",비슷 (%),동양식밀키트,66.2,51.5,44.0
"거주지역","충청권","구입 변화",비슷 (%),서양식밀키트,63.5,41.7,48.6
"거주지역","충청권","구입 변화",약간 증가 (%),한식밀키트,15.1,22.9,14.2
"거주지역","충청권","구입 변화",약간 증가 (%),동양식밀키트,15.1,21.2,15.5
"거주지역","충청권","구입 변화",약간 증가 (%),서양식밀키트,16.8,25.7,11.8
"거주지역","충청권","구입 변화",매우 증가 (%),한식밀키트,1.0,0.0,0.0
"거주지역","충청권","구입 변화",매우 증가 (%),동양식밀키트,1.1,0.0,0.0
"거주지역","충청권","구입 변화",매우 증가 (%),서양식밀키트,1.2,0.0,0.0
"거주지역","충청권","구입 변화",평균 (점),한식밀키트,2.98,2.83,2.63
"거주지역","충청권","구입 변화",평균 (점),동양식밀키트,2.96,2.83,2.62
"거주지역","충청권","구입 변화",평균 (점),서양식밀키트,2.93,2.80,2.56
"거주지역","호남권","구입 경험 (%)",구입 없음,한식밀키트,37.3,42.8,46.7
"거주지역","호남권","구입 경험 (%)",구입 없음,동양식밀키트,38.6,46.8,42.2
"거주지역","호남권","구입 경험 (%)",구입 없음,서양식밀키트,39.3,52.9,48.8
"거주지역","호남권","구입 경험 (%)",구입 있음,한식밀키트,62.7,57.2,53.3
"거주지역","호남권","구입 경험 (%)",구입 있음,동양식밀키트,61.4,53.2,57.8
"거주지역","호남권","구입 경험 (%)",구입 있음,서양식밀키트,60.7,47.1,51.2
"거주지역","호남권","구입 변화",매우 감소 (%),한식밀키트,8.3,13.5,9.3
"거주지역","호남권","구입 변화",매우 감소 (%),동양식밀키트,10.5,14.8,8.8
"거주지역","호남권","구입 변화",매우 감소 (%),서양식밀키트,7.9,13.4,12.1
"거주지역","호남권","구입 변화",약간 감소 (%),한식밀키트,22.3,24.5,20.8
"거주지역","호남권","구입 변화",약간 감소 (%),동양식밀키트,16.5,23.4,32.1
"거주지역","호남권","구입 변화",약간 감소 (%),서양식밀키트,22.2,26.1,32.2
"거주지역","호남권","구입 변화",비슷 (%),한식밀키트,47.8,48.5,56.1
"거주지역","호남권","구입 변화",비슷 (%),동양식밀키트,50.9,46.1,52.9
"거주지역","호남권","구입 변화",비슷 (%),서양식밀키트,44.8,46.3,50.5
"거주지역","호남권","구입 변화",약간 증가 (%),한식밀키트,20.9,13.5,13.7
"거주지역","호남권","구입 변화",약간 증가 (%),동양식밀키트,18.8,15.0,6.2
"거주지역","호남권","구입 변화",약간 증가 (%),서양식밀키트,23.7,14.1,5.2
"거주지역","호남권","구입 변화",매우 증가 (%),한식밀키트,0.8,0.0,0.0
"거주지역","호남권","구입 변화",매우 증가 (%),동양식밀키트,3.3,0.7,0.0
"거주지역","호남권","구입 변화",매우 증가 (%),서양식밀키트,1.4,0.0,0.0
"거주지역","호남권","구입 변화",평균 (점),한식밀키트,2.84,2.62,2.74
"거주지역","호남권","구입 변화",평균 (점),동양식밀키트,2.88,2.63,2.57
"거주지역","호남권","구입 변화",평균 (점),서양식밀키트,2.88,2.61,2.49
"거주지역","대경권","구입 경험 (%)",구입 없음,한식밀키트,52.1,44.3,36.4
"거주지역","대경권","구입 경험 (%)",구입 없음,동양식밀키트,53.2,46.6,35.6
"거주지역","대경권","구입 경험 (%)",구입 없음,서양식밀키트,61.2,51.7,48.1
"거주지역","대경권","구입 경험 (%)",구입 있음,한식밀키트,47.9,55.7,63.6
"거주지역","대경권","구입 경험 (%)",구입 있음,동양식밀키트,46.8,53.4,64.4
"거주지역","대경권","구입 경험 (%)",구입 있음,서양식밀키트,38.8,48.3,51.9
"거주지역","대경권","구입 변화",매우 감소 (%),한식밀키트,6.4,6.2,13.2
"거주지역","대경권","구입 변화",매우 감소 (%),동양식밀키트,8.2,5.7,13.1
"거주지역","대경권","구입 변화",매우 감소 (%),서양식밀키트,12.7,4.5,9.8
"거주지역","대경권","구입 변화",약간 감소 (%),한식밀키트,17.8,14.9,13.9
"거주지역","대경권","구입 변화",약간 감소 (%),동양식밀키트,17.5,19.1,13.0
"거주지역","대경권","구입 변화",약간 감소 (%),서양식밀키트,24.6,16.2,13.4
"거주지역","대경권","구입 변화",비슷 (%),한식밀키트,68.4,69.2,54.9
"거주지역","대경권","구입 변화",비슷 (%),동양식밀키트,64.8,63.6,53.6
"거주지역","대경권","구입 변화",비슷 (%),서양식밀키트,58.6,72.6,65.6
"거주지역","대경권","구입 변화",약간 증가 (%),한식밀키트,7.4,9.7,17.2
"거주지역","대경권","구입 변화",약간 증가 (%),동양식밀키트,8.9,11.6,18.3
"거주지역","대경권","구입 변화",약간 증가 (%),서양식밀키트,4.1,6.7,10.2
"거주지역","대경권","구입 변화",매우 증가 (%),한식밀키트,0.0,0.0,0.8
"거주지역","대경권","구입 변화",매우 증가 (%),동양식밀키트,0.5,0.0,1.9
"거주지역","대경권","구입 변화",매우 증가 (%),서양식밀키트,0.0,0.0,0.9
"거주지역","대경권","구입 변화",평균 (점),한식밀키트,2.77,2.83,2.78
"거주지역","대경권","구입 변화",평균 (점),동양식밀키트,2.76,2.81,2.83
"거주지역","대경권","구입 변화",평균 (점),서양식밀키트,2.54,2.81,2.79
"거주지역","동남권","구입 경험 (%)",구입 없음,한식밀키트,38.7,30.2,27.2
"거주지역","동남권","구입 경험 (%)",구입 없음,동양식밀키트,37.4,33.9,27.9
"거주지역","동남권","구입 경험 (%)",구입 없음,서양식밀키트,41.4,41.4,31.9
"거주지역","동남권","구입 경험 (%)",구입 있음,한식밀키트,61.3,69.8,72.8
"거주지역","동남권","구입 경험 (%)",구입 있음,동양식밀키트,62.6,66.1,72.1
"거주지역","동남권","구입 경험 (%)",구입 있음,서양식밀키트,58.6,58.6,68.1
"거주지역","동남권","구입 변화",매우 감소 (%),한식밀키트,8.1,20.9,15.9
"거주지역","동남권","구입 변화",매우 감소 (%),동양식밀키트,8.2,11.3,13.5
"거주지역","동남권","구입 변화",매우 감소 (%),서양식밀키트,8.0,19.4,21.9
"거주지역","동남권","구입 변화",약간 감소 (%),한식밀키트,21.1,18.8,20.0
"거주지역","동남권","구입 변화",약간 감소 (%),동양식밀키트,17.9,29.3,14.1
"거주지역","동남권","구입 변화",약간 감소 (%),서양식밀키트,25.4,26.5,17.5
"거주지역","동남권","구입 변화",비슷 (%),한식밀키트,48.5,50.3,58.3
"거주지역","동남권","구입 변화",비슷 (%),동양식밀키트,53.5,49.2,65.1
"거주지역","동남권","구입 변화",비슷 (%),서양식밀키트,54.6,48.8,52.8
"거주지역","동남권","구입 변화",약간 증가 (%),한식밀키트,22.3,10.0,5.4
"거주지역","동남권","구입 변화",약간 증가 (%),동양식밀키트,20.4,10.2,7.3
"거주지역","동남권","구입 변화",약간 증가 (%),서양식밀키트,11.9,5.3,7.4
"거주지역","동남권","구입 변화",매우 증가 (%),한식밀키트,0.0,0.0,0.4
"거주지역","동남권","구입 변화",매우 증가 (%),동양식밀키트,0.0,0.0,0.0
"거주지역","동남권","구입 변화",매우 증가 (%),서양식밀키트,0.0,0.0,0.4
"거주지역","동남권","구입 변화",평균 (점),한식밀키트,2.85,2.49,2.54
"거주지역","동남권","구입 변화",평균 (점),동양식밀키트,2.86,2.58,2.66
"거주지역","동남권","구입 변화",평균 (점),서양식밀키트,2.70,2.40,2.47
"거주지역","강원권","구입 경험 (%)",구입 없음,한식밀키트,42.2,73.0,14.2
"거주지역","강원권","구입 경험 (%)",구입 없음,동양식밀키트,49.7,76.4,33.3
"거주지역","강원권","구입 경험 (%)",구입 없음,서양식밀키트,49.9,74.5,49.5
"거주지역","강원권","구입 경험 (%)",구입 있음,한식밀키트,57.8,27.0,85.8
"거주지역","강원권","구입 경험 (%)",구입 있음,동양식밀키트,50.3,23.6,66.7
"거주지역","강원권","구입 경험 (%)",구입 있음,서양식밀키트,50.1,25.5,50.5
"거주지역","강원권","구입 변화",매우 감소 (%),한식밀키트,10.0,37.0,3.1
"거주지역","강원권","구입 변화",매우 감소 (%),동양식밀키트,11.4,33.4,4.3
"거주지역","강원권","구입 변화",매우 감소 (%),서양식밀키트,15.1,30.3,7.0
"거주지역","강원권","구입 변화",약간 감소 (%),한식밀키트,11.9,16.3,9.5
"거주지역","강원권","구입 변화",약간 감소 (%),동양식밀키트,9.1,24.2,18.3
"거주지역","강원권","구입 변화",약간 감소 (%),서양식밀키트,6.2,12.5,16.7
"거주지역","강원권","구입 변화",비슷 (%),한식밀키트,66.7,31.0,50.9
"거주지역","강원권","구입 변화",비슷 (%),동양식밀키트,69.4,22.4,40.9
"거주지역","강원권","구입 변화",비슷 (%),서양식밀키트,68.4,28.8,64.9
"거주지역","강원권","구입 변화",약간 증가 (%),한식밀키트,11.3,15.8,36.5
"거주지역","강원권","구입 변화",약간 증가 (%),동양식밀키트,10.1,17.8,36.5
"거주지역","강원권","구입 변화",약간 증가 (%),서양식밀키트,10.3,28.5,11.4
"거주지역","강원권","구입 변화",매우 증가 (%),한식밀키트,0.0,0.0,0.0
"거주지역","강원권","구입 변화",매우 증가 (%),동양식밀키트,0.0,2.1,0.0
"거주지역","강원권","구입 변화",매우 증가 (%),서양식밀키트,0.0,0.0,0.0
"거주지역","강원권","구입 변화",평균 (점),한식밀키트,2.79,2.26,3.21
"거주지역","강원권","구입 변화",평균 (점),동양식밀키트,2.78,2.31,3.10
"거주지역","강원권","구입 변화",평균 (점),서양식밀키트,2.74,2.55,2.81
"행정구역","동","구입 경험 (%)",구입 없음,한식밀키트,30.7,37.3,24.3
"행정구역","동","구입 경험 (%)",구입 없음,동양식밀키트,31.1,41.2,30.7
"행정구역","동","구입 경험 (%)",구입 없음,서양식밀키트,38.1,47.1,37.0
"행정구역","동","구입 경험 (%)",구입 있음,한식밀키트,69.3,62.7,75.7
"행정구역","동","구입 경험 (%)",구입 있음,동양식밀키트,68.9,58.8,69.3
"행정구역","동","구입 경험 (%)",구입 있음,서양식밀키트,61.9,52.9,63.0
"행정구역","동","구입 변화",매우 감소 (%),한식밀키트,6.4,12.4,10.2
"행정구역","동","구입 변화",매우 감소 (%),동양식밀키트,8.0,14.2,10.6
"행정구역","동","구입 변화",매우 감소 (%),서양식밀키트,9.4,15.5,12.2
"행정구역","동","구입 변화",약간 감소 (%),한식밀키트,18.4,18.9,19.5
"행정구역","동","구입 변화",약간 감소 (%),동양식밀키트,16.9,20.6,17.4
"행정구역","동","구입 변화",약간 감소 (%),서양식밀키트,20.8,23.7,21.6
"행정구역","동","구입 변화",비슷 (%),한식밀키트,54.6,50.8,53.2
"행정구역","동","구입 변화",비슷 (%),동양식밀키트,58.6,49.7,55.7
"행정구역","동","구입 변화",비슷 (%),서양식밀키트,54.7,47.5,54.0
"행정구역","동","구입 변화",약간 증가 (%),한식밀키트,19.9,17.6,16.0
"행정구역","동","구입 변화",약간 증가 (%),동양식밀키트,16.0,15.3,16.2
"행정구역","동","구입 변화",약간 증가 (%),서양식밀키트,14.8,13.3,11.2
"행정구역","동","구입 변화",매우 증가 (%),한식밀키트,0.7,0.3,1.2
"행정구역","동","구입 변화",매우 증가 (%),동양식밀키트,0.6,0.2,0.1
"행정구역","동","구입 변화",매우 증가 (%),서양식밀키트,0.2,0.0,1.1
"행정구역","동","구입 변화",평균 (점),한식밀키트,2.90,2.74,2.79
"행정구역","동","구입 변화",평균 (점),동양식밀키트,2.84,2.67,2.78
"행정구역","동","구입 변화",평균 (점),서양식밀키트,2.76,2.59,2.67
"행정구역","읍면","구입 경험 (%)",구입 없음,한식밀키트,35.4,44.4,35.9
"행정구역","읍면","구입 경험 (%)",구입 없음,동양식밀키트,37.1,46.4,43.0
"행정구역","읍면","구입 경험 (%)",구입 없음,서양식밀키트,40.4,50.1,46.5
"행정구역","읍면","구입 경험 (%)",구입 있음,한식밀키트,64.6,55.6,64.1
"행정구역","읍면","구입 경험 (%)",구입 있음,동양식밀키트,62.9,53.6,57.0
"행정구역","읍면","구입 경험 (%)",구입 있음,서양식밀키트,59.6,49.9,53.5
"행정구역","읍면","구입 변화",매우 감소 (%),한식밀키트,6.3,11.2,11.3
"행정구역","읍면","구입 변화",매우 감소 (%),동양식밀키트,6.8,9.6,5.0
"행정구역","읍면","구입 변화",매우 감소 (%),서양식밀키트,5.4,12.7,13.6
"행정구역","읍면","구입 변화",약간 감소 (%),한식밀키트,19.2,25.3,23.6
"행정구역","읍면","구입 변화",약간 감소 (%),동양식밀키트,17.0,30.2,28.2
"행정구역","읍면","구입 변화",약간 감소 (%),서양식밀키트,21.3,20.8,25.0
"행정구역","읍면","구입 변화",비슷 (%),한식밀키트,55.8,45.4,48.0
"행정구역","읍면","구입 변화",비슷 (%),동양식밀키트,59.5,44.6,47.8
"행정구역","읍면","구입 변화",비슷 (%),서양식밀키트,55.6,48.0,49.6
"행정구역","읍면","구입 변화",약간 증가 (%),한식밀키트,17.4,18.1,16.9
"행정구역","읍면","구입 변화",약간 증가 (%),동양식밀키트,14.4,15.5,17.9
"행정구역","읍면","구입 변화",약간 증가 (%),서양식밀키트,16.3,17.4,11.5
"행정구역","읍면","구입 변화",매우 증가 (%),한식밀키트,1.3,0.0,0.3
"행정구역","읍면","구입 변화",매우 증가 (%),동양식밀키트,2.4,0.0,1.2
"행정구역","읍면","구입 변화",매우 증가 (%),서양식밀키트,1.4,1.2,0.3
"행정구역","읍면","구입 변화",평균 (점),한식밀키트,2.88,2.70,2.71
"행정구역","읍면","구입 변화",평균 (점),동양식밀키트,2.89,2.66,2.82
"행정구역","읍면","구입 변화",평균 (점),서양식밀키트,2.87,2.73,2.60
"가구원수","1인","구입 경험 (%)",구입 없음,한식밀키트,33.4,47.1,37.4
"가구원수","1인","구입 경험 (%)",구입 없음,동양식밀키트,34.2,51.7,41.3
"가구원수","1인","구입 경험 (%)",구입 없음,서양식밀키트,39.4,55.7,49.7
"가구원수","1인","구입 경험 (%)",구입 있음,한식밀키트,66.6,52.9,62.6
"가구원수","1인","구입 경험 (%)",구입 있음,동양식밀키트,65.8,48.3,58.7
"가구원수","1인","구입 경험 (%)",구입 있음,서양식밀키트,60.6,44.3,50.3
"가구원수","1인","구입 변화",매우 감소 (%),한식밀키트,8.9,9.5,7.9
"가구원수","1인","구입 변화",매우 감소 (%),동양식밀키트,8.0,9.2,11.3
"가구원수","1인","구입 변화",매우 감소 (%),서양식밀키트,8.2,9.2,8.6
"가구원수","1인","구입 변화",약간 감소 (%),한식밀키트,15.5,14.3,20.8
"가구원수","1인","구입 변화",약간 감소 (%),동양식밀키트,14.6,21.6,18.9
"가구원수","1인","구입 변화",약간 감소 (%),서양식밀키트,20.6,21.4,22.1
"가구원수","1인","구입 변화",비슷 (%),한식밀키트,55.6,56.2,52.8
"가구원수","1인","구입 변화",비슷 (%),동양식밀키트,59.4,51.8,54.4
"가구원수","1인","구입 변화",비슷 (%),서양식밀키트,49.1,51.3,59.1
"가구원수","1인","구입 변화",약간 증가 (%),한식밀키트,18.8,19.7,17.9
"가구원수","1인","구입 변화",약간 증가 (%),동양식밀키트,16.8,16.8,15.5
"가구원수","1인","구입 변화",약간 증가 (%),서양식밀키트,21.5,18.1,9.8
"가구원수","1인","구입 변화",매우 증가 (%),한식밀키트,1.2,0.4,0.6
"가구원수","1인","구입 변화",매우 증가 (%),동양식밀키트,1.1,0.6,0.0
"가구원수","1인","구입 변화",매우 증가 (%),서양식밀키트,0.7,0.0,0.4
"가구원수","1인","구입 변화",평균 (점),한식밀키트,2.88,2.87,2.83
"가구원수","1인","구입 변화",평균 (점),동양식밀키트,2.88,2.78,2.74
"가구원수","1인","구입 변화",평균 (점),서양식밀키트,2.86,2.78,2.71
"가구원수","2인","구입 경험 (%)",구입 없음,한식밀키트,39.7,48.5,31.5
"가구원수","2인","구입 경험 (%)",구입 없음,동양식밀키트,40.2,52.4,38.3
"가구원수","2인","구입 경험 (%)",구입 없음,서양식밀키트,45.6,56.7,45.8
"가구원수","2인","구입 경험 (%)",구입 있음,한식밀키트,60.3,51.5,68.5
"가구원수","2인","구입 경험 (%)",구입 있음,동양식밀키트,59.8,47.6,61.7
"가구원수","2인","구입 경험 (%)",구입 있음,서양식밀키트,54.4,43.3,54.2
"가구원수","2인","구입 변화",매우 감소 (%),한식밀키트,4.1,14.9,12.4
"가구원수","2인","구입 변화",매우 감소 (%),동양식밀키트,8.1,16.7,11.1
"가구원수","2인","구입 변화",매우 감소 (%),서양식밀키트,6.8,17.9,10.9
"가구원수","2인","구입 변화",약간 감소 (%),한식밀키트,19.7,23.3,21.2
"가구원수","2인","구입 변화",약간 감소 (%),동양식밀키트,15.0,22.4,18.5
"가구원수","2인","구입 변화",약간 감소 (%),서양식밀키트,20.7,22.0,25.6
"가구원수","2인","구입 변화",비슷 (%),한식밀키트,54.5,44.1,49.9
"가구원수","2인","구입 변화",비슷 (%),동양식밀키트,59.7,46.9,54.2
"가구원수","2인","구입 변화",비슷 (%),서양식밀키트,53.5,46.2,52.0
"가구원수","2인","구입 변화",약간 증가 (%),한식밀키트,20.9,17.4,15.8
"가구원수","2인","구입 변화",약간 증가 (%),동양식밀키트,16.0,14.1,16.3
"가구원수","2인","구입 변화",약간 증가 (%),서양식밀키트,18.9,13.2,10.2
"가구원수","2인","구입 변화",매우 증가 (%),한식밀키트,0.8,0.2,0.6
"가구원수","2인","구입 변화",매우 증가 (%),동양식밀키트,1.2,0.0,0.0
"가구원수","2인","구입 변화",매우 증가 (%),서양식밀키트,0.2,0.7,1.2
"가구원수","2인","구입 변화",평균 (점),한식밀키트,2.95,2.65,2.71
"가구원수","2인","구입 변화",평균 (점),동양식밀키트,2.87,2.58,2.76
"가구원수","2인","구입 변화",평균 (점),서양식밀키트,2.85,2.57,2.65
"가구원수","3인","구입 경험 (%)",구입 없음,한식밀키트,23.3,25.7,14.9
"가구원수","3인","구입 경험 (%)",구입 없음,동양식밀키트,24.0,26.4,22.1
"가구원수","3인","구입 경험 (%)",구입 없음,서양식밀키트,33.5,36.0,24.6
"가구원수","3인","구입 경험 (%)",구입 있음,한식밀키트,76.7,74.3,85.1
"가구원수","3인","구입 경험 (%)",구입 있음,동양식밀키트,76.0,73.6,77.9
"가구원수","3인","구입 경험 (%)",구입 있음,서양식밀키트,66.5,64.0,75.4
"가구원수","3인","구입 변화",매우 감소 (%),한식밀키트,6.6,12.3,9.9
"가구원수","3인","구입 변화",매우 감소 (%),동양식밀키트,6.8,13.2,9.7
"가구원수","3인","구입 변화",매우 감소 (%),서양식밀키트,11.3,16.9,17.2
"가구원수","3인","구입 변화",약간 감소 (%),한식밀키트,18.3,22.3,20.8
"가구원수","3인","구입 변화",약간 감소 (%),동양식밀키트,19.4,22.2,21.7
"가구원수","3인","구입 변화",약간 감소 (%),서양식밀키트,19.7,28.1,23.0
"가구원수","3인","구입 변화",비슷 (%),한식밀키트,57.0,46.8,53.3
"가구원수","3인","구입 변화",비슷 (%),동양식밀키트,60.1,48.0,52.9
"가구원수","3인","구입 변화",비슷 (%),서양식밀키트,58.0,43.4,44.8
"가구원수","3인","구입 변화",약간 증가 (%),한식밀키트,17.1,18.2,14.8
"가구원수","3인","구입 변화",약간 증가 (%),동양식밀키트,13.5,16.7,15.2
"가구원수","3인","구입 변화",약간 증가 (%),서양식밀키트,10.7,11.6,13.5
"가구원수","3인","구입 변화",매우 증가 (%),한식밀키트,0.9,0.5,1.1
"가구원수","3인","구입 변화",매우 증가 (%),동양식밀키트,0.3,0.0,0.5
"가구원수","3인","구입 변화",매우 증가 (%),서양식밀키트,0.4,0.0,1.5
"가구원수","3인","구입 변화",평균 (점),한식밀키트,2.87,2.72,2.76
"가구원수","3인","구입 변화",평균 (점),동양식밀키트,2.81,2.68,2.75
"가구원수","3인","구입 변화",평균 (점),서양식밀키트,2.69,2.50,2.59
"가구원수","4인 이상","구입 경험 (%)",구입 없음,한식밀키트,26.4,27.3,17.2
"가구원수","4인 이상","구입 경험 (%)",구입 없음,동양식밀키트,26.5,32.4,25.0
"가구원수","4인 이상","구입 경험 (%)",구입 없음,서양식밀키트,32.6,36.8,29.1
"가구원수","4인 이상","구입 경험 (%)",구입 있음,한식밀키트,73.6,72.7,82.8
"가구원수","4인 이상","구입 경험 (%)",구입 있음,동양식밀키트,73.5,67.6,75.0
"가구원수","4인 이상","구입 경험 (%)",구입 있음,서양식밀키트,67.4,63.2,70.9
"가구원수","4인 이상","구입 변화",매우 감소 (%),한식밀키트,6.5,10.4,9.3
"가구원수","4인 이상","구입 변화",매우 감소 (%),동양식밀키트,8.3,12.3,6.3
"가구원수","4인 이상","구입 변화",매우 감소 (%),서양식밀키트,9.1,13.0,10.6
"가구원수","4인 이상","구입 변화",약간 감소 (%),한식밀키트,20.1,17.2,16.0
"가구원수","4인 이상","구입 변화",약간 감소 (%),동양식밀키트,18.4,22.7,15.1
"가구원수","4인 이상","구입 변화",약간 감소 (%),서양식밀키트,22.7,20.2,14.3
"가구원수","4인 이상","구입 변화",비슷 (%),한식밀키트,51.8,56.4,55.5
"가구원수","4인 이상","구입 변화",비슷 (%),동양식밀키트,55.6,50.4,58.3
"가구원수","4인 이상","구입 변화",비슷 (%),서양식밀키트,58.4,51.5,64.2
"가구원수","4인 이상","구입 변화",약간 증가 (%),한식밀키트,21.3,16.1,17.0
"가구원수","4인 이상","구입 변화",약간 증가 (%),동양식밀키트,17.0,14.3,19.6
"가구원수","4인 이상","구입 변화",약간 증가 (%),서양식밀키트,9.4,15.2,10.7
"가구원수","4인 이상","구입 변화",매우 증가 (%),한식밀키트,0.4,0.0,2.3
"가구원수","4인 이상","구입 변화",매우 증가 (%),동양식밀키트,0.6,0.3,0.6
"가구원수","4인 이상","구입 변화",매우 증가 (%),서양식밀키트,0.3,0.0,0.2
"가구원수","4인 이상","구입 변화",평균 (점),한식밀키트,2.89,2.78,2.87
"가구원수","4인 이상","구입 변화",평균 (점),동양식밀키트,2.83,2.67,2.93
"가구원수","4인 이상","구입 변화",평균 (점),서양식밀키트,2.69,2.69,2.76
"가구주성별","남성","구입 경험 (%)",구입 없음,한식밀키트,33.0,37.8,24.4
"가구주성별","남성","구입 경험 (%)",구입 없음,동양식밀키트,33.3,41.0,32.1
"가구주성별","남성","구입 경험 (%)",구입 없음,서양식밀키트,40.7,47.2,37.8
"가구주성별","남성","구입 경험 (%)",구입 있음,한식밀키트,67.0,62.2,75.6
"가구주성별","남성","구입 경험 (%)",구입 있음,동양식밀키트,66.7,59.0,67.9
"가구주성별","남성","구입 경험 (%)",구입 있음,서양식밀키트,59.3,52.8,62.2
"가구주성별","남성","구입 변화",매우 감소 (%),한식밀키트,6.1,12.4,10.5
"가구주성별","남성","구입 변화",매우 감소 (%),동양식밀키트,8.4,13.8,9.4
"가구주성별","남성","구입 변화",매우 감소 (%),서양식밀키트,9.3,15.7,12.4
"가구주성별","남성","구입 변화",약간 감소 (%),한식밀키트,20.5,20.1,18.8
"가구주성별","남성","구입 변화",약간 감소 (%),동양식밀키트,17.0,21.5,17.4
"가구주성별","남성","구입 변화",약간 감소 (%),서양식밀키트,19.2,23.3,21.7
"가구주성별","남성","구입 변화",비슷 (%),한식밀키트,55.4,49.8,53.9
"가구주성별","남성","구입 변화",비슷 (%),동양식밀키트,58.1,49.6,56.8
"가구주성별","남성","구입 변화",비슷 (%),서양식밀키트,58.3,47.8,54.5
"가구주성별","남성","구입 변화",약간 증가 (%),한식밀키트,17.3,17.6,15.8
"가구주성별","남성","구입 변화",약간 증가 (%),동양식밀키트,15.7,15.1,16.1
"가구주성별","남성","구입 변화",약간 증가 (%),서양식밀키트,12.8,13.2,11.1
"가구주성별","남성","구입 변화",매우 증가 (%),한식밀키트,0.7,0.2,1.0
"가구주성별","남성","구입 변화",매우 증가 (%),동양식밀키트,0.9,0.0,0.3
"가구주성별","남성","구입 변화",매우 증가 (%),서양식밀키트,0.4,0.0,0.3
"가구주성별","남성","구입 변화",평균 (점),한식밀키트,2.86,2.73,2.78
"가구주성별","남성","구입 변화",평균 (점),동양식밀키트,2.84,2.66,2.80
"가구주성별","남성","구입 변화",평균 (점),서양식밀키트,2.76,2.58,2.65
"가구주성별","여성","구입 경험 (%)",구입 없음,한식밀키트,28.2,41.7,31.6
"가구주성별","여성","구입 경험 (%)",구입 없음,동양식밀키트,29.3,46.4,34.4
"가구주성별","여성","구입 경험 (%)",구입 없음,서양식밀키트,33.7,49.5,40.8
"가구주성별","여성","구입 경험 (%)",구입 있음,한식밀키트,71.8,58.3,68.4
"가구주성별","여성","구입 경험 (%)",구입 있음,동양식밀키트,70.7,53.6,65.6
"가구주성별","여성","구입 경험 (%)",구입 있음,서양식밀키트,66.3,50.5,59.2
"가구주성별","여성","구입 변화",매우 감소 (%),한식밀키트,6.8,11.4,9.8
"가구주성별","여성","구입 변화",매우 감소 (%),동양식밀키트,6.6,12.0,11.2
"가구주성별","여성","구입 변화",매우 감소 (%),서양식밀키트,7.9,12.2,12.6
"가구주성별","여성","구입 변화",약간 감소 (%),한식밀키트,14.7,19.9,24.4
"가구주성별","여성","구입 변화",약간 감소 (%),동양식밀키트,16.7,25.2,23.6
"가구주성별","여성","구입 변화",약간 감소 (%),서양식밀키트,24.2,22.8,23.1
"가구주성별","여성","구입 변화",비슷 (%),한식밀키트,53.4,50.0,47.3
"가구주성별","여성","구입 변화",비슷 (%),동양식밀키트,60.1,45.9,47.4
"가구주성별","여성","구입 변화",비슷 (%),서양식밀키트,48.3,46.9,49.4
"가구주성별","여성","구입 변화",약간 증가 (%),한식밀키트,24.0,18.0,17.1
"가구주성별","여성","구입 변화",약간 증가 (%),동양식밀키트,15.9,16.1,17.4
"가구주성별","여성","구입 변화",약간 증가 (%),서양식밀키트,19.3,17.1,11.7
"가구주성별","여성","구입 변화",매우 증가 (%),한식밀키트,1.0,0.6,1.4
"가구주성별","여성","구입 변화",매우 증가 (%),동양식밀키트,0.6,0.8,0.3
"가구주성별","여성","구입 변화",매우 증가 (%),서양식밀키트,0.4,1.0,3.3
"가구주성별","여성","구입 변화",평균 (점),한식밀키트,2.98,2.77,2.76
"가구주성별","여성","구입 변화",평균 (점),동양식밀키트,2.87,2.68,2.72
"가구주성별","여성","구입 변화",평균 (점),서양식밀키트,2.80,2.72,2.70
"가구주연령","20대","구입 경험 (%)",구입 없음,한식밀키트,20.9,25.7,26.0
"가구주연령","20대","구입 경험 (%)",구입 없음,동양식밀키트,18.5,30.6,19.2
"가구주연령","20대","구입 경험 (%)",구입 없음,서양식밀키트,19.1,27.8,27.4
"가구주연령","20대","구입 경험 (%)",구입 있음,한식밀키트,79.1,74.3,74.0
"가구주연령","20대","구입 경험 (%)",구입 있음,동양식밀키트,81.5,69.4,80.8
"가구주연령","20대","구입 경험 (%)",구입 있음,서양식밀키트,80.9,72.2,72.6
"가구주연령","20대","구입 변화",매우 감소 (%),한식밀키트,6.9,7.1,5.0
"가구주연령","20대","구입 변화",매우 감소 (%),동양식밀키트,9.1,8.3,12.2
"가구주연령","20대","구입 변화",매우 감소 (%),서양식밀키트,9.3,13.0,15.7
"가구주연령","20대","구입 변화",약간 감소 (%),한식밀키트,16.6,16.2,34.9
"가구주연령","20대","구입 변화",약간 감소 (%),동양식밀키트,6.2,12.3,19.9
"가구주연령","20대","구입 변화",약간 감소 (%),서양식밀키트,6.6,14.4,25.0
"가구주연령","20대","구입 변화",비슷 (%),한식밀키트,52.8,50.3,29.7
"가구주연령","20대","구입 변화",비슷 (%),동양식밀키트,58.9,45.4,43.7
"가구주연령","20대","구입 변화",비슷 (%),서양식밀키트,60.7,53.7,42.6
"가구주연령","20대","구입 변화",약간 증가 (%),한식밀키트,21.7,26.4,30.4
"가구주연령","20대","구입 변화",약간 증가 (%),동양식밀키트,24.0,34.0,22.9
"가구주연령","20대","구입 변화",약간 증가 (%),서양식밀키트,21.6,18.9,16.7
"가구주연령","20대","구입 변화",매우 증가 (%),한식밀키트,2.0,0.0,0.0
"가구주연령","20대","구입 변화",매우 증가 (%),동양식밀키트,1.9,0.0,1.3
"가구주연령","20대","구입 변화",매우 증가 (%),서양식밀키트,1.9,0.0,0.0
"가구주연령","20대","구입 변화",평균 (점),한식밀키트,2.95,2.96,2.85
"가구주연령","20대","구입 변화",평균 (점),동양식밀키트,3.03,3.05,2.81
"가구주연령","20대","구입 변화",평균 (점),서양식밀키트,3.00,2.78,2.60
"가구주연령","30대","구입 경험 (%)",구입 없음,한식밀키트,16.3,25.4,14.8
"가구주연령","30대","구입 경험 (%)",구입 없음,동양식밀키트,17.1,27.8,23.1
"가구주연령","30대","구입 경험 (%)",구입 없음,서양식밀키트,23.2,30.4,27.3
"가구주연령","30대","구입 경험 (%)",구입 있음,한식밀키트,83.7,74.6,85.2
"가구주연령","30대","구입 경험 (%)",구입 있음,동양식밀키트,82.9,72.2,76.9
"가구주연령","30대","구입 경험 (%)",구입 있음,서양식밀키트,76.8,69.6,72.7
"가구주연령","30대","구입 변화",매우 감소 (%),한식밀키트,5.1,9.8,7.7
"가구주연령","30대","구입 변화",매우 감소 (%),동양식밀키트,5.6,9.6,7.1
"가구주연령","30대","구입 변화",매우 감소 (%),서양식밀키트,8.3,11.1,7.4
"가구주연령","30대","구입 변화",약간 감소 (%),한식밀키트,17.9,20.3,18.6
"가구주연령","30대","구입 변화",약간 감소 (%),동양식밀키트,13.8,20.8,15.4
"가구주연령","30대","구입 변화",약간 감소 (%),서양식밀키트,18.7,24.1,19.4
"가구주연령","30대","구입 변화",비슷 (%),한식밀키트,56.2,50.0,55.0
"가구주연령","30대","구입 변화",비슷 (%),동양식밀키트,63.5,50.2,50.7
"가구주연령","30대","구입 변화",비슷 (%),서양식밀키트,54.6,48.9,56.0
"가구주연령","30대","구입 변화",약간 증가 (%),한식밀키트,20.8,19.4,17.3
"가구주연령","30대","구입 변화",약간 증가 (%),동양식밀키트,16.2,19.0,26.8
"가구주연령","30대","구입 변화",약간 증가 (%),서양식밀키트,18.3,15.9,15.1
"가구주연령","30대","구입 변화",매우 증가 (%),한식밀키트,0.0,0.4,1.4
"가구주연령","30대","구입 변화",매우 증가 (%),동양식밀키트,0.9,0.4,0.0
"가구주연령","30대","구입 변화",매우 증가 (%),서양식밀키트,0.0,0.0,2.1
"가구주연령","30대","구입 변화",평균 (점),한식밀키트,2.93,2.80,2.86
"가구주연령","30대","구입 변화",평균 (점),동양식밀키트,2.93,2.80,2.97
"가구주연령","30대","구입 변화",평균 (점),서양식밀키트,2.83,2.70,2.85
"가구주연령","40대","구입 경험 (%)",구입 없음,한식밀키트,18.4,26.9,14.2
"가구주연령","40대","구입 경험 (%)",구입 없음,동양식밀키트,19.0,31.8,20.8
"가구주연령","40대","구입 경험 (%)",구입 없음,서양식밀키트,27.6,35.9,24.9
"가구주연령","40대","구입 경험 (%)",구입 있음,한식밀키트,81.6,73.1,85.8
"가구주연령","40대","구입 경험 (%)",구입 있음,동양식밀키트,81.0,68.2,79.2
"가구주연령","40대","구입 경험 (%)",구입 있음,서양식밀키트,72.4,64.1,75.1
"가구주연령","40대","구입 변화",매우 감소 (%),한식밀키트,5.9,9.1,8.0
"가구주연령","40대","구입 변화",매우 감소 (%),동양식밀키트,7.0,11.8,9.9
"가구주연령","40대","구입 변화",매우 감소 (%),서양식밀키트,7.5,13.8,12.6
"가구주연령","40대","구입 변화",약간 감소 (%),한식밀키트,19.5,20.5,17.1
"가구주연령","40대","구입 변화",약간 감소 (%),동양식밀키트,20.2,14.8,20.2
"가구주연령","40대","구입 변화",약간 감소 (%),서양식밀키트,23.1,21.3,19.9
"가구주연령","40대","구입 변화",비슷 (%),한식밀키트,55.0,52.6,53.2
"가구주연령","40대","구입 변화",비슷 (%),동양식밀키트,54.5,57.5,53.3
"가구주연령","40대","구입 변화",비슷 (%),서양식밀키트,59.6,49.8,52.2
"가구주연령","40대","구입 변화",약간 증가 (%),한식밀키트,17.9,17.2,19.3
"가구주연령","40대","구입 변화",약간 증가 (%),동양식밀키트,17.4,15.7,15.7
"가구주연령","40대","구입 변화",약간 증가 (%),서양식밀키트,9.7,14.2,14.3
"가구주연령","40대","구입 변화",매우 증가 (%),한식밀키트,1.7,0.6,2.3
"가구주연령","40대","구입 변화",매우 증가 (%),동양식밀키트,0.8,0.1,1.0
"가구주연령","40대","구입 변화",매우 증가 (%),서양식밀키트,0.1,0.9,1.1
"가구주연령","40대","구입 변화",평균 (점),한식밀키트,2.90,2.80,2.91
"가구주연령","40대","구입 변화",평균 (점),동양식밀키트,2.85,2.78,2.78
"가구주연령","40대","구입 변화",평균 (점),서양식밀키트,2.72,2.67,2.71
"가구주연령","50대","구입 경험 (%)",구입 없음,한식밀키트,35.9,33.2,25.8
"가구주연령","50대","구입 경험 (%)",구입 없음,동양식밀키트,34.2,38.0,31.8
"가구주연령","50대","구입 경험 (%)",구입 없음,서양식밀키트,42.0,46.5,36.1
"가구주연령","50대","구입 경험 (%)",구입 있음,한식밀키트,64.1,66.8,74.2
"가구주연령","50대","구입 경험 (%)",구입 있음,동양식밀키트,65.8,62.0,68.2
"가구주연령","50대","구입 경험 (%)",구입 있음,서양식밀키트,58.0,53.5,63.9
"가구주연령","50대","구입 변화",매우 감소 (%),한식밀키트,8.2,13.1,11.2
"가구주연령","50대","구입 변화",매우 감소 (%),동양식밀키트,9.7,14.6,10.0
"가구주연령","50대","구입 변화",매우 감소 (%),서양식밀키트,10.1,16.7,15.3
"가구주연령","50대","구입 변화",약간 감소 (%),한식밀키트,18.0,20.1,23.3
"가구주연령","50대","구입 변화",약간 감소 (%),동양식밀키트,18.7,27.6,20.8
"가구주연령","50대","구입 변화",약간 감소 (%),서양식밀키트,21.7,26.6,22.8
"가구주연령","50대","구입 변화",비슷 (%),한식밀키트,53.4,47.4,53.7
"가구주연령","50대","구입 변화",비슷 (%),동양식밀키트,56.8,42.4,55.6
"가구주연령","50대","구입 변화",비슷 (%),서양식밀키트,55.0,39.7,53.2
"가구주연령","50대","구입 변화",약간 증가 (%),한식밀키트,19.5,19.2,10.7
"가구주연령","50대","구입 변화",약간 증가 (%),동양식밀키트,14.5,15.2,13.6
"가구주연령","50대","구입 변화",약간 증가 (%),서양식밀키트,12.8,17.1,8.4
"가구주연령","50대","구입 변화",매우 증가 (%),한식밀키트,0.8,0.2,1.0
"가구주연령","50대","구입 변화",매우 증가 (%),동양식밀키트,0.3,0.2,0.0
"가구주연령","50대","구입 변화",매우 증가 (%),서양식밀키트,0.4,0.0,0.3
"가구주연령","50대","구입 변화",평균 (점),한식밀키트,2.87,2.73,2.67
"가구주연령","50대","구입 변화",평균 (점),동양식밀키트,2.77,2.59,2.73
"가구주연령","50대","구입 변화",평균 (점),서양식밀키트,2.72,2.57,2.56
"가구주연령","60대 이상","구입 경험 (%)",구입 없음,한식밀키트,50.4,56.4,37.0
"가구주연령","60대 이상","구입 경험 (%)",구입 없음,동양식밀키트,53.2,58.4,44.0
"가구주연령","60대 이상","구입 경험 (%)",구입 없음,서양식밀키트,58.2,63.9,52.4
"가구주연령","60대 이상","구입 경험 (%)",구입 있음,한식밀키트,49.6,43.6,63.0
"가구주연령","60대 이상","구입 경험 (%)",구입 있음,동양식밀키트,46.8,41.6,56.0
"가구주연령","60대 이상","구입 경험 (%)",구입 있음,서양식밀키트,41.8,36.1,47.6
"가구주연령","60대 이상","구입 변화",매우 감소 (%),한식밀키트,6.3,16.1,12.9
"가구주연령","60대 이상","구입 변화",매우 감소 (%),동양식밀키트,8.9,16.7,10.8
"가구주연령","60대 이상","구입 변화",매우 감소 (%),서양식밀키트,9.5,17.4,12.1
"가구주연령","60대 이상","구입 변화",약간 감소 (%),한식밀키트,19.1,19.8,18.8
"가구주연령","60대 이상","구입 변화",약간 감소 (%),동양식밀키트,17.6,24.6,17.9
"가구주연령","60대 이상","구입 변화",약간 감소 (%),서양식밀키트,24.8,21.3,24.3
"가구주연령","60대 이상","구입 변화",비슷 (%),한식밀키트,54.6,50.4,51.2
"가구주연령","60대 이상","구입 변화",비슷 (%),동양식밀키트,60.6,48.6,57.9
"가구주연령","60대 이상","구입 변화",비슷 (%),서양식밀키트,46.8,53.5,54.0
"가구주연령","60대 이상","구입 변화",약간 증가 (%),한식밀키트,19.6,13.7,16.8
"가구주연령","60대 이상","구입 변화",약간 증가 (%),동양식밀키트,11.9,10.0,13.4
"가구주연령","60대 이상","구입 변화",약간 증가 (%),서양식밀키트,18.3,7.8,8.7
"가구주연령","60대 이상","구입 변화",매우 증가 (%),한식밀키트,0.4,0.0,0.2
"가구주연령","60대 이상","구입 변화",매우 증가 (%),동양식밀키트,1.0,0.0,0.0
"가구주연령","60대 이상","구입 변화",매우 증가 (%),서양식밀키트,0.7,0.0,1.0
"가구주연령","60대 이상","구입 변화",평균 (점),한식밀키트,2.89,2.62,2.73
"가구주연령","60대 이상","구입 변화",평균 (점),동양식밀키트,2.79,2.52,2.74
"가구주연령","60대 이상","구입 변화",평균 (점),서양식밀키트,2.76,2.52,2.62
"가구주최종학력","중졸 이하","구입 경험 (%)",구입 없음,한식밀키트,65.4,61.8,68.4
"가구주최종학력","중졸 이하","구입 경험 (%)",구입 없음,동양식밀키트,68.7,63.8,69.6
"가구주최종학력","중졸 이하","구입 경험 (%)",구입 없음,서양식밀키트,74.0,68.5,76.9
"가구주최종학력","중졸 이하","구입 경험 (%)",구입 있음,한식밀키트,34.6,38.2,31.6
"가구주최종학력","중졸 이하","구입 경험 (%)",구입 있음,동양식밀키트,31.3,36.2,30.4
"가구주최종학력","중졸 이하","구입 경험 (%)",구입 있음,서양식밀키트,26.0,31.5,23.1
"가구주최종학력","중졸 이하","구입 변화",매우 감소 (%),한식밀키트,14.6,14.7,19.0
"가구주최종학력","중졸 이하","구입 변화",매우 감소 (%),동양식밀키트,10.3,5.8,21.2
"가구주최종학력","중졸 이하","구입 변화",매우 감소 (%),서양식밀키트,13.3,9.7,5.2
"가구주최종학력","중졸 이하","구입 변화",약간 감소 (%),한식밀키트,20.4,16.6,5.7
"가구주최종학력","중졸 이하","구입 변화",약간 감소 (%),동양식밀키트,13.6,20.0,2.2
"가구주최종학력","중졸 이하","구입 변화",약간 감소 (%),서양식밀키트,10.6,10.8,27.9
"가구주최종학력","중졸 이하","구입 변화",비슷 (%),한식밀키트,51.4,58.7,66.6
"가구주최종학력","중졸 이하","구입 변화",비슷 (%),동양식밀키트,54.5,70.1,63.1
"가구주최종학력","중졸 이하","구입 변화",비슷 (%),서양식밀키트,53.8,79.5,59.8
"가구주최종학력","중졸 이하","구입 변화",약간 증가 (%),한식밀키트,10.3,10.0,8.8
"가구주최종학력","중졸 이하","구입 변화",약간 증가 (%),동양식밀키트,17.2,4.1,13.5
"가구주최종학력","중졸 이하","구입 변화",약간 증가 (%),서양식밀키트,22.2,0.0,7.1
"가구주최종학력","중졸 이하","구입 변화",매우 증가 (%),한식밀키트,3.3,0.0,0.0
"가구주최종학력","중졸 이하","구입 변화",매우 증가 (%),동양식밀키트,4.4,0.0,0.0
"가구주최종학력","중졸 이하","구입 변화",매우 증가 (%),서양식밀키트,0.0,0.0,0.0
"가구주최종학력","중졸 이하","구입 변화",평균 (점),한식밀키트,2.67,2.64,2.65
"가구주최종학력","중졸 이하","구입 변화",평균 (점),동양식밀키트,2.92,2.73,2.69
"가구주최종학력","중졸 이하","구입 변화",평균 (점),서양식밀키트,2.85,2.70,2.69
"가구주최종학력","고졸","구입 경험 (%)",구입 없음,한식밀키트,42.8,49.4,33.0
"가구주최종학력","고졸","구입 경험 (%)",구입 없음,동양식밀키트,43.6,51.3,39.3
"가구주최종학력","고졸","구입 경험 (%)",구입 없음,서양식밀키트,50.8,58.0,47.4
"가구주최종학력","고졸","구입 경험 (%)",구입 있음,한식밀키트,57.2,50.6,67.0
"가구주최종학력","고졸","구입 경험 (%)",구입 있음,동양식밀키트,56.4,48.7,60.7
"가구주최종학력","고졸","구입 경험 (%)",구입 있음,서양식밀키트,49.2,42.0,52.6
"가구주최종학력","고졸","구입 변화",매우 감소 (%),한식밀키트,5.9,16.0,14.1
"가구주최종학력","고졸","구입 변화",매우 감소 (%),동양식밀키트,10.3,16.8,12.3
"가구주최종학력","고졸","구입 변화",매우 감소 (%),서양식밀키트,9.0,19.9,16.6
"가구주최종학력","고졸","구입 변화",약간 감소 (%),한식밀키트,19.1,24.6,24.2
"가구주최종학력","고졸","구입 변화",약간 감소 (%),동양식밀키트,17.7,27.3,22.6
"가구주최종학력","고졸","구입 변화",약간 감소 (%),서양식밀키트,25.6,25.2,22.7
"가구주최종학력","고졸","구입 변화",비슷 (%),한식밀키트,58.5,46.6,45.4
"가구주최종학력","고졸","구입 변화",비슷 (%),동양식밀키트,60.0,45.1,50.9
"가구주최종학력","고졸","구입 변화",비슷 (%),서양식밀키트,51.4,45.0,50.7
"가구주최종학력","고졸","구입 변화",약간 증가 (%),한식밀키트,16.6,12.8,16.2
"가구주최종학력","고졸","구입 변화",약간 증가 (%),동양식밀키트,11.7,10.6,14.0
"가구주최종학력","고졸","구입 변화",약간 증가 (%),서양식밀키트,13.6,9.9,8.9
"가구주최종학력","고졸","구입 변화",매우 증가 (%),한식밀키트,0.0,0.0,0.0
"가구주최종학력","고졸","구입 변화",매우 증가 (%),동양식밀키트,0.4,0.1,0.2
"가구주최종학력","고졸","구입 변화",매우 증가 (%),서양식밀키트,0.4,0.0,1.0
"가구주최종학력","고졸","구입 변화",평균 (점),한식밀키트,2.86,2.56,2.64
"가구주최종학력","고졸","구입 변화",평균 (점),동양식밀키트,2.74,2.50,2.67
"가구주최종학력","고졸","구입 변화",평균 (점),서양식밀키트,2.71,2.45,2.55
"가구주최종학력","전문대졸 이상","구입 경험 (%)",구입 없음,한식밀키트,21.7,27.9,17.3
"가구주최종학력","전문대졸 이상","구입 경험 (%)",구입 없음,동양식밀키트,21.9,32.8,24.4
"가구주최종학력","전문대졸 이상","구입 경험 (%)",구입 없음,서양식밀키트,28.0,37.5,28.5
"가구주최종학력","전문대졸 이상","구입 경험 (%)",구입 있음,한식밀키트,78.3,72.1,82.7
"가구주최종학력","전문대졸 이상","구입 경험 (%)",구입 있음,동양식밀키트,78.1,67.2,75.6
"가구주최종학력","전문대졸 이상","구입 경험 (%)",구입 있음,서양식밀키트,72.0,62.5,71.5
"가구주최종학력","전문대졸 이상","구입 변화",매우 감소 (%),한식밀키트,6.3,10.0,7.7
"가구주최종학력","전문대졸 이상","구입 변화",매우 감소 (%),동양식밀키트,6.6,11.9,8.0
"가구주최종학력","전문대졸 이상","구입 변화",매우 감소 (%),서양식밀키트,8.6,12.7,10.3
"가구주최종학력","전문대졸 이상","구입 변화",약간 감소 (%),한식밀키트,18.2,17.7,18.0
"가구주최종학력","전문대졸 이상","구입 변화",약간 감소 (%),동양식밀키트,16.7,19.6,17.2
"가구주최종학력","전문대졸 이상","구입 변화",약간 감소 (%),서양식밀키트,19.2,22.8,21.5
"가구주최종학력","전문대졸 이상","구입 변화",비슷 (%),한식밀키트,53.2,51.1,56.2
"가구주최종학력","전문대졸 이상","구입 변화",비슷 (%),동양식밀키트,58.3,49.7,56.5
"가구주최종학력","전문대졸 이상","구입 변화",비슷 (%),서양식밀키트,56.4,47.3,54.6
"가구주최종학력","전문대졸 이상","구입 변화",약간 증가 (%),한식밀키트,21.2,20.8,16.3
"가구주최종학력","전문대졸 이상","구입 변화",약간 증가 (%),동양식밀키트,17.5,18.6,18.0
"가구주최종학력","전문대졸 이상","구입 변화",약간 증가 (%),서양식밀키트,15.4,16.9,12.6
"가구주최종학력","전문대졸 이상","구입 변화",매우 증가 (%),한식밀키트,1.1,0.4,1.8
"가구주최종학력","전문대졸 이상","구입 변화",매우 증가 (%),동양식밀키트,0.9,0.2,0.3
"가구주최종학력","전문대졸 이상","구입 변화",매우 증가 (%),서양식밀키트,0.4,0.3,1.0
"가구주최종학력","전문대졸 이상","구입 변화",평균 (점),한식밀키트,2.93,2.84,2.86
"가구주최종학력","전문대졸 이상","구입 변화",평균 (점),동양식밀키트,2.89,2.76,2.85
"가구주최종학력","전문대졸 이상","구입 변화",평균 (점),서양식밀키트,2.80,2.69,2.72
"가구주 직업","관리/전문/사무직","구입 경험 (%)",구입 없음,한식밀키트,21.4,27.1,16.9
"가구주 직업","관리/전문/사무직","구입 경험 (%)",구입 없음,동양식밀키트,20.7,32.2,22.3
"가구주 직업","관리/전문/사무직","구입 경험 (%)",구입 없음,서양식밀키트,26.8,37.0,26.1
"가구주 직업","관리/전문/사무직","구입 경험 (%)",구입 있음,한식밀키트,78.6,72.9,83.1
"가구주 직업","관리/전문/사무직","구입 경험 (%)",구입 있음,동양식밀키트,79.3,67.8,77.7
"가구주 직업","관리/전문/사무직","구입 경험 (%)",구입 있음,서양식밀키트,73.2,63.0,73.9
"가구주 직업","관리/전문/사무직","구입 변화",매우 감소 (%),한식밀키트,6.4,10.2,8.9
"가구주 직업","관리/전문/사무직","구입 변화",매우 감소 (%),동양식밀키트,6.3,11.8,8.6
"가구주 직업","관리/전문/사무직","구입 변화",매우 감소 (%),서양식밀키트,8.0,13.2,10.9
"가구주 직업","관리/전문/사무직","구입 변화",약간 감소 (%),한식밀키트,18.5,20.1,19.3
"가구주 직업","관리/전문/사무직","구입 변화",약간 감소 (%),동양식밀키트,17.8,21.3,17.1
"가구주 직업","관리/전문/사무직","구입 변화",약간 감소 (%),서양식밀키트,19.2,24.6,21.0
"가구주 직업","관리/전문/사무직","구입 변화",비슷 (%),한식밀키트,56.1,49.1,51.9
"가구주 직업","관리/전문/사무직","구입 변화",비슷 (%),동양식밀키트,58.1,49.4,54.2
"가구주 직업","관리/전문/사무직","구입 변화",비슷 (%),서양식밀키트,58.9,47.7,53.9
"가구주 직업","관리/전문/사무직","구입 변화",약간 증가 (%),한식밀키트,17.8,20.0,18.3
"가구주 직업","관리/전문/사무직","구입 변화",약간 증가 (%),동양식밀키트,17.2,17.3,19.9
"가구주 직업","관리/전문/사무직","구입 변화",약간 증가 (%),서양식밀키트,13.4,14.5,13.0
"가구주 직업","관리/전문/사무직","구입 변화",매우 증가 (%),한식밀키트,1.2,0.6,1.5
"가구주 직업","관리/전문/사무직","구입 변화",매우 증가 (%),동양식밀키트,0.6,0.2,0.2
"가구주 직업","관리/전문/사무직","구입 변화",매우 증가 (%),서양식밀키트,0.5,0.0,1.1
"가구주 직업","관리/전문/사무직","구입 변화",평균 (점),한식밀키트,2.89,2.81,2.84
"가구주 직업","관리/전문/사무직","구입 변화",평균 (점),동양식밀키트,2.88,2.73,2.86
"가구주 직업","관리/전문/사무직","구입 변화",평균 (점),서양식밀키트,2.79,2.63,2.72
"가구주 직업","서비스/판매직","구입 경험 (%)",구입 없음,한식밀키트,35.2,45.2,29.7
"가구주 직업","서비스/판매직","구입 경험 (%)",구입 없음,동양식밀키트,36.3,47.0,37.2
"가구주 직업","서비스/판매직","구입 경험 (%)",구입 없음,서양식밀키트,41.6,52.3,44.1
"가구주 직업","서비스/판매직","구입 경험 (%)",구입 있음,한식밀키트,64.8,54.8,70.3
"가구주 직업","서비스/판매직","구입 경험 (%)",구입 있음,동양식밀키트,63.7,53.0,62.8
"가구주 직업","서비스/판매직","구입 경험 (%)",구입 있음,서양식밀키트,58.4,47.7,55.9
"가구주 직업","서비스/판매직","구입 변화",매우 감소 (%),한식밀키트,4.8,10.7,11.0
"가구주 직업","서비스/판매직","구입 변화",매우 감소 (%),동양식밀키트,9.2,14.6,11.2
"가구주 직업","서비스/판매직","구입 변화",매우 감소 (%),서양식밀키트,8.4,13.2,14.0
"가구주 직업","서비스/판매직","구입 변화",약간 감소 (%),한식밀키트,17.5,19.0,20.6
"가구주 직업","서비스/판매직","구입 변화",약간 감소 (%),동양식밀키트,12.2,22.6,23.7
"가구주 직업","서비스/판매직","구입 변화",약간 감소 (%),서양식밀키트,19.1,23.3,23.7
"가구주 직업","서비스/판매직","구입 변화",비슷 (%),한식밀키트,53.6,50.8,54.5
"가구주 직업","서비스/판매직","구입 변화",비슷 (%),동양식밀키트,61.7,46.7,52.3
"가구주 직업","서비스/판매직","구입 변화",비슷 (%),서양식밀키트,53.3,46.0,52.7
"가구주 직업","서비스/판매직","구입 변화",약간 증가 (%),한식밀키트,23.6,19.5,12.8
"가구주 직업","서비스/판매직","구입 변화",약간 증가 (%),동양식밀키트,15.8,15.8,12.5
"가구주 직업","서비스/판매직","구입 변화",약간 증가 (%),서양식밀키트,19.1,16.7,8.2
"가구주 직업","서비스/판매직","구입 변화",매우 증가 (%),한식밀키트,0.6,0.0,1.0
"가구주 직업","서비스/판매직","구입 변화",매우 증가 (%),동양식밀키트,1.1,0.3,0.2
"가구주 직업","서비스/판매직","구입 변화",매우 증가 (%),서양식밀키트,0.0,0.7,1.5
"가구주 직업","서비스/판매직","구입 변화",평균 (점),한식밀키트,2.98,2.79,2.72
"가구주 직업","서비스/판매직","구입 변화",평균 (점),동양식밀키트,2.87,2.65,2.67
"가구주 직업","서비스/판매직","구입 변화",평균 (점),서양식밀키트,2.83,2.68,2.59
"가구주 직업","기계/농림어업/단순노무","구입 경험 (%)",구입 없음,한식밀키트,44.7,47.4,32.6
"가구주 직업","기계/농림어업/단순노무","구입 경험 (%)",구입 없음,동양식밀키트,45.7,50.5,38.4
"가구주 직업","기계/농림어업/단순노무","구입 경험 (%)",구입 없음,서양식밀키트,54.9,58.3,45.4
"가구주 직업","기계/농림어업/단순노무","구입 경험 (%)",구입 있음,한식밀키트,55.3,52.6,67.4
"가구주 직업","기계/농림어업/단순노무","구입 경험 (%)",구입 있음,동양식밀키트,54.3,49.5,61.6
"가구주 직업","기계/농림어업/단순노무","구입 경험 (%)",구입 있음,서양식밀키트,45.1,41.7,54.6
"가구주 직업","기계/농림어업/단순노무","구입 변화",매우 감소 (%),한식밀키트,7.9,18.3,13.2
"가구주 직업","기계/농림어업/단순노무","구입 변화",매우 감소 (%),동양식밀키트,10.6,16.4,9.7
"가구주 직업","기계/농림어업/단순노무","구입 변화",매우 감소 (%),서양식밀키트,11.3,21.8,13.1
"가구주 직업","기계/농림어업/단순노무","구입 변화",약간 감소 (%),한식밀키트,22.1,21.3,22.3
"가구주 직업","기계/농림어업/단순노무","구입 변화",약간 감소 (%),동양식밀키트,19.7,24.0,17.8
"가구주 직업","기계/농림어업/단순노무","구입 변화",약간 감소 (%),서양식밀키트,24.4,20.4,22.8
"가구주 직업","기계/농림어업/단순노무","구입 변화",비슷 (%),한식밀키트,56.0,50.6,49.7
"가구주 직업","기계/농림어업/단순노무","구입 변화",비슷 (%),동양식밀키트,56.7,49.0,58.4
"가구주 직업","기계/농림어업/단순노무","구입 변화",비슷 (%),서양식밀키트,52.6,48.1,52.8
"가구주 직업","기계/농림어업/단순노무","구입 변화",약간 증가 (%),한식밀키트,13.6,9.8,14.4
"가구주 직업","기계/농림어업/단순노무","구입 변화",약간 증가 (%),동양식밀키트,11.8,10.7,13.9
"가구주 직업","기계/농림어업/단순노무","구입 변화",약간 증가 (%),서양식밀키트,10.9,9.6,11.2
"가구주 직업","기계/농림어업/단순노무","구입 변화",매우 증가 (%),한식밀키트,0.5,0.0,0.4
"가구주 직업","기계/농림어업/단순노무","구입 변화",매우 증가 (%),동양식밀키트,1.2,0.0,0.2
"가구주 직업","기계/농림어업/단순노무","구입 변화",매우 증가 (%),서양식밀키트,0.8,0.0,0.0
"가구주 직업","기계/농림어업/단순노무","구입 변화",평균 (점),한식밀키트,2.77,2.52,2.67
"가구주 직업","기계/농림어업/단순노무","구입 변화",평균 (점),동양식밀키트,2.73,2.54,2.77
"가구주 직업","기계/농림어업/단순노무","구입 변화",평균 (점),서양식밀키트,2.66,2.45,2.62
"가구주 직업","기타","구입 경험 (%)",구입 없음,한식밀키트,37.5,48.9,46.6
"가구주 직업","기타","구입 경험 (%)",구입 없음,동양식밀키트,41.7,54.0,59.6
"가구주 직업","기타","구입 경험 (%)",구입 없음,서양식밀키트,46.6,56.1,68.7
"가구주 직업","기타","구입 경험 (%)",구입 있음,한식밀키트,62.5,51.1,53.4
"가구주 직업","기타","구입 경험 (%)",구입 있음,동양식밀키트,58.3,46.0,40.4
"가구주 직업","기타","구입 경험 (%)",구입 있음,서양식밀키트,53.4,43.9,31.3
"가구주 직업","기타","구입 변화",매우 감소 (%),한식밀키트,8.0,20.3,6.2
"가구주 직업","기타","구입 변화",매우 감소 (%),동양식밀키트,6.8,12.9,18.5
"가구주 직업","기타","구입 변화",매우 감소 (%),서양식밀키트,10.7,20.1,20.2
"가구주 직업","기타","구입 변화",약간 감소 (%),한식밀키트,14.2,18.8,13.0
"가구주 직업","기타","구입 변화",약간 감소 (%),동양식밀키트,20.8,21.6,2.1
"가구주 직업","기타","구입 변화",약간 감소 (%),서양식밀키트,31.4,13.6,19.9
"가구주 직업","기타","구입 변화",비슷 (%),한식밀키트,47.5,48.0,50.9
"가구주 직업","기타","구입 변화",비슷 (%),동양식밀키트,57.2,57.1,55.1
"가구주 직업","기타","구입 변화",비슷 (%),서양식밀키트,37.4,60.2,47.0
"가구주 직업","기타","구입 변화",약간 증가 (%),한식밀키트,30.3,12.9,29.9
"가구주 직업","기타","구입 변화",약간 증가 (%),동양식밀키트,15.3,8.4,20.9
"가구주 직업","기타","구입 변화",약간 증가 (%),서양식밀키트,20.5,6.2,12.9
"가구주 직업","기타","구입 변화",매우 증가 (%),한식밀키트,0.0,0.0,0.0
"가구주 직업","기타","구입 변화",매우 증가 (%),동양식밀키트,0.0,0.0,3.3
"가구주 직업","기타","구입 변화",매우 증가 (%),서양식밀키트,0.0,0.0,0.0
"가구주 직업","기타","구입 변화",평균 (점),한식밀키트,3.00,2.54,3.05
"가구주 직업","기타","구입 변화",평균 (점),동양식밀키트,2.81,2.61,2.88
"가구주 직업","기타","구입 변화",평균 (점),서양식밀키트,2.68,2.53,2.53
"월평균가구소득","200만원 미만","구입 경험 (%)",구입 없음,한식밀키트,63.4,61.8,56.6
"월평균가구소득","200만원 미만","구입 경험 (%)",구입 없음,동양식밀키트,63.0,63.4,55.5
"월평균가구소득","200만원 미만","구입 경험 (%)",구입 없음,서양식밀키트,63.5,68.6,65.6
"월평균가구소득","200만원 미만","구입 경험 (%)",구입 있음,한식밀키트,36.6,38.2,43.4
"월평균가구소득","200만원 미만","구입 경험 (%)",구입 있음,동양식밀키트,37.0,36.6,44.5
"월평균가구소득","200만원 미만","구입 경험 (%)",구입 있음,서양식밀키트,36.5,31.4,34.4
"월평균가구소득","200만원 미만","구입 변화",매우 감소 (%),한식밀키트,3.7,14.7,13.4
"월평균가구소득","200만원 미만","구입 변화",매우 감소 (%),동양식밀키트,7.1,5.3,16.1
"월평균가구소득","200만원 미만","구입 변화",매우 감소 (%),서양식밀키트,5.2,10.1,16.4
"월평균가구소득","200만원 미만","구입 변화",약간 감소 (%),한식밀키트,16.9,16.3,22.7
"월평균가구소득","200만원 미만","구입 변화",약간 감소 (%),동양식밀키트,9.6,28.5,26.6
"월평균가구소득","200만원 미만","구입 변화",약간 감소 (%),서양식밀키트,22.2,11.4,37.8
"월평균가구소득","200만원 미만","구입 변화",비슷 (%),한식밀키트,62.0,58.8,58.1
"월평균가구소득","200만원 미만","구입 변화",비슷 (%),동양식밀키트,65.2,56.1,55.6
"월평균가구소득","200만원 미만","구입 변화",비슷 (%),서양식밀키트,45.1,68.3,41.7
"월평균가구소득","200만원 미만","구입 변화",약간 증가 (%),한식밀키트,16.0,10.2,5.9
"월평균가구소득","200만원 미만","구입 변화",약간 증가 (%),동양식밀키트,15.8,10.0,1.7
"월평균가구소득","200만원 미만","구입 변화",약간 증가 (%),서양식밀키트,27.1,10.2,4.1
"월평균가구소득","200만원 미만","구입 변화",매우 증가 (%),한식밀키트,1.5,0.0,0.0
"월평균가구소득","200만원 미만","구입 변화",매우 증가 (%),동양식밀키트,2.3,0.0,0.0
"월평균가구소득","200만원 미만","구입 변화",매우 증가 (%),서양식밀키트,0.4,0.0,0.0
"월평균가구소득","200만원 미만","구입 변화",평균 (점),한식밀키트,2.95,2.65,2.56
"월평균가구소득","200만원 미만","구입 변화",평균 (점),동양식밀키트,2.96,2.71,2.43
"월평균가구소득","200만원 미만","구입 변화",평균 (점),서양식밀키트,2.95,2.79,2.33
"월평균가구소득","200~400만원 미만","구입 경험 (%)",구입 없음,한식밀키트,32.1,40.0,35.0
"월평균가구소득","200~400만원 미만","구입 경험 (%)",구입 없음,동양식밀키트,33.9,44.2,39.0
"월평균가구소득","200~400만원 미만","구입 경험 (%)",구입 없음,서양식밀키트,39.7,49.9,46.1
"월평균가구소득","200~400만원 미만","구입 경험 (%)",구입 있음,한식밀키트,67.9,60.0,65.0
"월평균가구소득","200~400만원 미만","구입 경험 (%)",구입 있음,동양식밀키트,66.1,55.8,61.0
"월평균가구소득","200~400만원 미만","구입 경험 (%)",구입 있음,서양식밀키트,60.3,50.1,53.9
"월평균가구소득","200~400만원 미만","구입 변화",매우 감소 (%),한식밀키트,7.5,12.2,10.0
"월평균가구소득","200~400만원 미만","구입 변화",매우 감소 (%),동양식밀키트,8.5,12.7,10.2
"월평균가구소득","200~400만원 미만","구입 변화",매우 감소 (%),서양식밀키트,9.4,11.7,10.3
"월평균가구소득","200~400만원 미만","구입 변화",약간 감소 (%),한식밀키트,18.5,19.3,18.0
"월평균가구소득","200~400만원 미만","구입 변화",약간 감소 (%),동양식밀키트,15.7,20.8,18.3
"월평균가구소득","200~400만원 미만","구입 변화",약간 감소 (%),서양식밀키트,20.0,24.1,22.2
"월평균가구소득","200~400만원 미만","구입 변화",비슷 (%),한식밀키트,54.4,51.0,53.1
"월평균가구소득","200~400만원 미만","구입 변화",비슷 (%),동양식밀키트,59.7,50.9,54.4
"월평균가구소득","200~400만원 미만","구입 변화",비슷 (%),서양식밀키트,50.0,47.7,58.7
"월평균가구소득","200~400만원 미만","구입 변화",약간 증가 (%),한식밀키트,18.9,17.5,18.4
"월평균가구소득","200~400만원 미만","구입 변화",약간 증가 (%),동양식밀키트,15.3,15.5,17.0
"월평균가구소득","200~400만원 미만","구입 변화",약간 증가 (%),서양식밀키트,20.0,16.4,8.3
"월평균가구소득","200~400만원 미만","구입 변화",매우 증가 (%),한식밀키트,0.7,0.0,0.4
"월평균가구소득","200~400만원 미만","구입 변화",매우 증가 (%),동양식밀키트,0.8,0.1,0.1
"월평균가구소득","200~400만원 미만","구입 변화",매우 증가 (%),서양식밀키트,0.7,0.0,0.4
"월평균가구소득","200~400만원 미만","구입 변화",평균 (점),한식밀키트,2.87,2.74,2.81
"월평균가구소득","200~400만원 미만","구입 변화",평균 (점),동양식밀키트,2.84,2.69,2.79
"월평균가구소득","200~400만원 미만","구입 변화",평균 (점),서양식밀키트,2.83,2.69,2.66
"월평균가구소득","400~600만원 미만","구입 경험 (%)",구입 없음,한식밀키트,25.8,33.2,23.1
"월평균가구소득","400~600만원 미만","구입 경험 (%)",구입 없음,동양식밀키트,25.2,36.0,31.2
"월평균가구소득","400~600만원 미만","구입 경험 (%)",구입 없음,서양식밀키트,34.1,41.6,37.6
"월평균가구소득","400~600만원 미만","구입 경험 (%)",구입 있음,한식밀키트,74.2,66.8,76.9
"월평균가구소득","400~600만원 미만","구입 경험 (%)",구입 있음,동양식밀키트,74.8,64.0,68.8
"월평균가구소득","400~600만원 미만","구입 경험 (%)",구입 있음,서양식밀키트,65.9,58.4,62.4
"월평균가구소득","400~600만원 미만","구입 변화",매우 감소 (%),한식밀키트,5.5,13.3,10.4
"월평균가구소득","400~600만원 미만","구입 변화",매우 감소 (%),동양식밀키트,7.3,14.2,9.8
"월평균가구소득","400~600만원 미만","구입 변화",매우 감소 (%),서양식밀키트,8.7,16.8,13.2
"월평균가구소득","400~600만원 미만","구입 변화",약간 감소 (%),한식밀키트,17.4,18.6,19.9
"월평균가구소득","400~600만원 미만","구입 변화",약간 감소 (%),동양식밀키트,16.5,23.4,19.4
"월평균가구소득","400~600만원 미만","구입 변화",약간 감소 (%),서양식밀키트,20.6,24.6,21.9
"월평균가구소득","400~600만원 미만","구입 변화",비슷 (%),한식밀키트,56.9,49.8,55.3
"월평균가구소득","400~600만원 미만","구입 변화",비슷 (%),동양식밀키트,57.7,46.6,57.5
"월평균가구소득","400~600만원 미만","구입 변화",비슷 (%),서양식밀키트,58.5,45.7,54.8
"월평균가구소득","400~600만원 미만","구입 변화",약간 증가 (%),한식밀키트,19.0,17.6,13.5
"월평균가구소득","400~600만원 미만","구입 변화",약간 증가 (%),동양식밀키트,17.5,15.6,12.7
"월평균가구소득","400~600만원 미만","구입 변화",약간 증가 (%),서양식밀키트,11.9,12.9,10.0
"월평균가구소득","400~600만원 미만","구입 변화",매우 증가 (%),한식밀키트,1.2,0.7,0.8
"월평균가구소득","400~600만원 미만","구입 변화",매우 증가 (%),동양식밀키트,1.1,0.2,0.6
"월평균가구소득","400~600만원 미만","구입 변화",매우 증가 (%),서양식밀키트,0.3,0.0,0.1
"월평균가구소득","400~600만원 미만","구입 변화",평균 (점),한식밀키트,2.93,2.74,2.74
"월평균가구소득","400~600만원 미만","구입 변화",평균 (점),동양식밀키트,2.88,2.64,2.75
"월평균가구소득","400~600만원 미만","구입 변화",평균 (점),서양식밀키트,2.74,2.55,2.62
"월평균가구소득","600만원 이상","구입 경험 (%)",구입 없음,한식밀키트,24.3,32.5,14.3
"월평균가구소득","600만원 이상","구입 경험 (%)",구입 없음,동양식밀키트,24.7,37.2,23.0
"월평균가구소득","600만원 이상","구입 경험 (%)",구입 없음,서양식밀키트,31.1,42.6,26.0
"월평균가구소득","600만원 이상","구입 경험 (%)",구입 있음,한식밀키트,75.7,67.5,85.7
"월평균가구소득","600만원 이상","구입 경험 (%)",구입 있음,동양식밀키트,75.3,62.8,77.0
"월평균가구소득","600만원 이상","구입 경험 (%)",구입 있음,서양식밀키트,68.9,57.4,74.0
"월평균가구소득","600만원 이상","구입 변화",매우 감소 (%),한식밀키트,6.7,9.9,10.2
"월평균가구소득","600만원 이상","구입 변화",매우 감소 (%),동양식밀키트,7.6,15.6,8.8
"월평균가구소득","600만원 이상","구입 변화",매우 감소 (%),서양식밀키트,9.1,17.3,13.0
"월평균가구소득","600만원 이상","구입 변화",약간 감소 (%),한식밀키트,21.2,24.0,21.7
"월평균가구소득","600만원 이상","구입 변화",약간 감소 (%),동양식밀키트,22.0,20.3,18.0
"월평균가구소득","600만원 이상","구입 변화",약간 감소 (%),서양식밀키트,22.8,23.4,20.7
"월평균가구소득","600만원 이상","구입 변화",비슷 (%),한식밀키트,49.3,46.0,48.0
"월평균가구소득","600만원 이상","구입 변화",비슷 (%),동양식밀키트,57.2,47.6,51.4
"월평균가구소득","600만원 이상","구입 변화",비슷 (%),서양식밀키트,59.7,44.2,48.2
"월평균가구소득","600만원 이상","구입 변화",약간 증가 (%),한식밀키트,22.8,20.1,18.1
"월평균가구소득","600만원 이상","구입 변화",약간 증가 (%),동양식밀키트,13.1,16.3,21.8
"월평균가구소득","600만원 이상","구입 변화",약간 증가 (%),서양식밀키트,8.4,14.2,15.6
"월평균가구소득","600만원 이상","구입 변화",매우 증가 (%),한식밀키트,0.0,0.0,2.1
"월평균가구소득","600만원 이상","구입 변화",매우 증가 (%),동양식밀키트,0.0,0.3,0.0
"월평균가구소득","600만원 이상","구입 변화",매우 증가 (%),서양식밀키트,0.0,0.8,2.5
"월평균가구소득","600만원 이상","구입 변화",평균 (점),한식밀키트,2.88,2.76,2.80
"월평균가구소득","600만원 이상","구입 변화",평균 (점),동양식밀키트,2.76,2.65,2.86
"월평균가구소득","600만원 이상","구입 변화",평균 (점),서양식밀키트,2.67,2.58,2.74
